name,genus,phylum,classPlant,id
Asplenium ruta-muraria,Asplenium,Tracheophyta,Polypodiopsida,1000
Asplenium gracillimum,Asplenium,Tracheophyta,Polypodiopsida,1001
Asplenium scolopendrium,Asplenium,Tracheophyta,Polypodiopsida,1002
Asplenium nidus,Asplenium,Tracheophyta,Polypodiopsida,1003
Asplenium viride,Asplenium,Tracheophyta,Polypodiopsida,1004
Asplenium oblongifolium,Asplenium,Tracheophyta,Polypodiopsida,1005
Asplenium flaccidum,Asplenium,Tracheophyta,Polypodiopsida,1006
Asplenium bulbiferum,Asplenium,Tracheophyta,Polypodiopsida,1007
Asplenium ceterach,Asplenium,Tracheophyta,Polypodiopsida,1008
Asplenium rhizophyllum,Asplenium,Tracheophyta,Polypodiopsida,1009
Lysimachia terrestris,Lysimachia,Tracheophyta,Magnoliopsida,328
Lysimachia punctata,Lysimachia,Tracheophyta,Magnoliopsida,329
Lysimachia vulgaris,Lysimachia,Tracheophyta,Magnoliopsida,330
Lysimachia latifolia,Lysimachia,Tracheophyta,Magnoliopsida,331
Lysimachia quadriflora,Lysimachia,Tracheophyta,Magnoliopsida,332
Lysimachia arvensis,Lysimachia,Tracheophyta,Magnoliopsida,333
Lysimachia quadrifolia,Lysimachia,Tracheophyta,Magnoliopsida,334
Lysimachia nummularia,Lysimachia,Tracheophyta,Magnoliopsida,335
Lysimachia ciliata,Lysimachia,Tracheophyta,Magnoliopsida,336
Lysimachia europaea,Lysimachia,Tracheophyta,Magnoliopsida,337
Lysimachia thyrsiflora,Lysimachia,Tracheophyta,Magnoliopsida,338
Lysimachia borealis,Lysimachia,Tracheophyta,Magnoliopsida,339
Lysimachia maritima,Lysimachia,Tracheophyta,Magnoliopsida,340
Vaccinium arboreum,Vaccinium,Tracheophyta,Magnoliopsida,341
Vaccinium oxycoccos,Vaccinium,Tracheophyta,Magnoliopsida,342
Vaccinium ovatum,Vaccinium,Tracheophyta,Magnoliopsida,343
Vaccinium stamineum,Vaccinium,Tracheophyta,Magnoliopsida,344
Vaccinium parvifolium,Vaccinium,Tracheophyta,Magnoliopsida,345
Vaccinium macrocarpon,Vaccinium,Tracheophyta,Magnoliopsida,346
Vaccinium myrtillus,Vaccinium,Tracheophyta,Magnoliopsida,347
Vaccinium myrtilloides,Vaccinium,Tracheophyta,Magnoliopsida,348
Vaccinium corymbosum,Vaccinium,Tracheophyta,Magnoliopsida,349
Vaccinium angustifolium,Vaccinium,Tracheophyta,Magnoliopsida,350
Vaccinium uliginosum,Vaccinium,Tracheophyta,Magnoliopsida,351
Vaccinium vitis-idaea,Vaccinium,Tracheophyta,Magnoliopsida,352
Cirsium occidentale,Cirsium,Tracheophyta,Magnoliopsida,353
Cirsium muticum,Cirsium,Tracheophyta,Magnoliopsida,354
Cirsium arvense,Cirsium,Tracheophyta,Magnoliopsida,355
Cirsium horridulum,Cirsium,Tracheophyta,Magnoliopsida,356
Cirsium oleraceum,Cirsium,Tracheophyta,Magnoliopsida,357
Cirsium palustre,Cirsium,Tracheophyta,Magnoliopsida,358
Cirsium undulatum,Cirsium,Tracheophyta,Magnoliopsida,359
Cirsium vulgare,Cirsium,Tracheophyta,Magnoliopsida,360
Cirsium discolor,Cirsium,Tracheophyta,Magnoliopsida,361
Cirsium texanum,Cirsium,Tracheophyta,Magnoliopsida,362
Symphyotrichum pilosum,Symphyotrichum,Tracheophyta,Magnoliopsida,363
Symphyotrichum patens,Symphyotrichum,Tracheophyta,Magnoliopsida,364
Symphyotrichum subulatum,Symphyotrichum,Tracheophyta,Magnoliopsida,365
Symphyotrichum ericoides,Symphyotrichum,Tracheophyta,Magnoliopsida,366
Symphyotrichum chilense,Symphyotrichum,Tracheophyta,Magnoliopsida,367
Symphyotrichum divaricatum,Symphyotrichum,Tracheophyta,Magnoliopsida,368
Symphyotrichum laeve,Symphyotrichum,Tracheophyta,Magnoliopsida,369
Symphyotrichum lateriflorum,Symphyotrichum,Tracheophyta,Magnoliopsida,370
Symphyotrichum cordifolium,Symphyotrichum,Tracheophyta,Magnoliopsida,371
Symphyotrichum puniceum,Symphyotrichum,Tracheophyta,Magnoliopsida,372
Symphyotrichum novae-angliae,Symphyotrichum,Tracheophyta,Magnoliopsida,373
Symphyotrichum drummondii,Symphyotrichum,Tracheophyta,Magnoliopsida,374
Symphyotrichum lanceolatum,Symphyotrichum,Tracheophyta,Magnoliopsida,375
Solidago nemoralis,Solidago,Tracheophyta,Magnoliopsida,376
Solidago gigantea,Solidago,Tracheophyta,Magnoliopsida,377
Solidago rugosa,Solidago,Tracheophyta,Magnoliopsida,378
Solidago altissima,Solidago,Tracheophyta,Magnoliopsida,379
Solidago sempervirens,Solidago,Tracheophyta,Magnoliopsida,380
Solidago virgaurea,Solidago,Tracheophyta,Magnoliopsida,381
Solidago canadensis,Solidago,Tracheophyta,Magnoliopsida,382
Solidago flexicaulis,Solidago,Tracheophyta,Magnoliopsida,383
Solidago juncea,Solidago,Tracheophyta,Magnoliopsida,384
Solidago velutina,Solidago,Tracheophyta,Magnoliopsida,385
Solidago caesia,Solidago,Tracheophyta,Magnoliopsida,386
Solidago bicolor,Solidago,Tracheophyta,Magnoliopsida,387
Solidago ptarmicoides,Solidago,Tracheophyta,Magnoliopsida,388
Solidago rigida,Solidago,Tracheophyta,Magnoliopsida,389
Artemisia tridentata,Artemisia,Tracheophyta,Magnoliopsida,390
Artemisia californica,Artemisia,Tracheophyta,Magnoliopsida,391
Artemisia douglasiana,Artemisia,Tracheophyta,Magnoliopsida,392
Artemisia vulgaris,Artemisia,Tracheophyta,Magnoliopsida,393
Artemisia pycnocephala,Artemisia,Tracheophyta,Magnoliopsida,394
Artemisia filifolia,Artemisia,Tracheophyta,Magnoliopsida,395
Artemisia ludoviciana,Artemisia,Tracheophyta,Magnoliopsida,396
Artemisia campestris,Artemisia,Tracheophyta,Magnoliopsida,397
Artemisia dracunculus,Artemisia,Tracheophyta,Magnoliopsida,398
Artemisia frigida,Artemisia,Tracheophyta,Magnoliopsida,399
Acer platanoides,Acer,Tracheophyta,Magnoliopsida,400
Acer glabrum,Acer,Tracheophyta,Magnoliopsida,401
Acer saccharum,Acer,Tracheophyta,Magnoliopsida,402
Acer grandidentatum,Acer,Tracheophyta,Magnoliopsida,403
Acer negundo,Acer,Tracheophyta,Magnoliopsida,404
Acer macrophyllum,Acer,Tracheophyta,Magnoliopsida,405
Acer pseudoplatanus,Acer,Tracheophyta,Magnoliopsida,406
Acer campestre,Acer,Tracheophyta,Magnoliopsida,407
Acer rubrum,Acer,Tracheophyta,Magnoliopsida,408
Acer saccharinum,Acer,Tracheophyta,Magnoliopsida,409
Acer spicatum,Acer,Tracheophyta,Magnoliopsida,410
Acer circinatum,Acer,Tracheophyta,Magnoliopsida,411
Acer nigrum,Acer,Tracheophyta,Magnoliopsida,412
Acer floridanum,Acer,Tracheophyta,Magnoliopsida,413
Acer ginnala,Acer,Tracheophyta,Magnoliopsida,414
Acer pensylvanicum,Acer,Tracheophyta,Magnoliopsida,415
Trifolium subterraneum,Trifolium,Tracheophyta,Magnoliopsida,416
Trifolium arvense,Trifolium,Tracheophyta,Magnoliopsida,417
Trifolium incarnatum,Trifolium,Tracheophyta,Magnoliopsida,418
Trifolium willdenovii,Trifolium,Tracheophyta,Magnoliopsida,419
Trifolium hybridum,Trifolium,Tracheophyta,Magnoliopsida,420
Trifolium hirtum,Trifolium,Tracheophyta,Magnoliopsida,421
Trifolium campestre,Trifolium,Tracheophyta,Magnoliopsida,422
Trifolium repens,Trifolium,Tracheophyta,Magnoliopsida,423
Trifolium angustifolium,Trifolium,Tracheophyta,Magnoliopsida,424
Trifolium pratense,Trifolium,Tracheophyta,Magnoliopsida,425
Trifolium dubium,Trifolium,Tracheophyta,Magnoliopsida,426
Trifolium aureum,Trifolium,Tracheophyta,Magnoliopsida,427
Trifolium depauperatum,Trifolium,Tracheophyta,Magnoliopsida,428
Lupinus albifrons,Lupinus,Tracheophyta,Magnoliopsida,429
Lupinus arizonicus,Lupinus,Tracheophyta,Magnoliopsida,430
Lupinus polyphyllus,Lupinus,Tracheophyta,Magnoliopsida,431
Lupinus nootkatensis,Lupinus,Tracheophyta,Magnoliopsida,432
Lupinus hirsutissimus,Lupinus,Tracheophyta,Magnoliopsida,433
Lupinus texensis,Lupinus,Tracheophyta,Magnoliopsida,434
Lupinus arboreus,Lupinus,Tracheophyta,Magnoliopsida,435
Lupinus succulentus,Lupinus,Tracheophyta,Magnoliopsida,436
Lupinus bicolor,Lupinus,Tracheophyta,Magnoliopsida,437
Lupinus nanus,Lupinus,Tracheophyta,Magnoliopsida,438
Lupinus microcarpus,Lupinus,Tracheophyta,Magnoliopsida,439
Lupinus argenteus,Lupinus,Tracheophyta,Magnoliopsida,440
Lupinus perennis,Lupinus,Tracheophyta,Magnoliopsida,441
Cornus nuttallii,Cornus,Tracheophyta,Magnoliopsida,442
Cornus mas,Cornus,Tracheophyta,Magnoliopsida,443
Cornus sericea,Cornus,Tracheophyta,Magnoliopsida,444
Cornus sanguinea,Cornus,Tracheophyta,Magnoliopsida,445
Cornus canadensis,Cornus,Tracheophyta,Magnoliopsida,446
Cornus drummondii,Cornus,Tracheophyta,Magnoliopsida,447
Cornus florida,Cornus,Tracheophyta,Magnoliopsida,448
Cornus alternifolia,Cornus,Tracheophyta,Magnoliopsida,449
Cornus kousa,Cornus,Tracheophyta,Magnoliopsida,450
Cornus racemosa,Cornus,Tracheophyta,Magnoliopsida,451
Cornus unalaschkensis,Cornus,Tracheophyta,Magnoliopsida,452
Cornus rugosa,Cornus,Tracheophyta,Magnoliopsida,453
Cornus amomum,Cornus,Tracheophyta,Magnoliopsida,454
Ribes malvaceum,Ribes,Tracheophyta,Magnoliopsida,455
Ribes sanguineum,Ribes,Tracheophyta,Magnoliopsida,456
Ribes roezlii,Ribes,Tracheophyta,Magnoliopsida,457
Ribes aureum,Ribes,Tracheophyta,Magnoliopsida,458
Ribes americanum,Ribes,Tracheophyta,Magnoliopsida,459
Ribes cynosbati,Ribes,Tracheophyta,Magnoliopsida,460
Ribes cereum,Ribes,Tracheophyta,Magnoliopsida,461
Ribes indecorum,Ribes,Tracheophyta,Magnoliopsida,462
Ribes bracteosum,Ribes,Tracheophyta,Magnoliopsida,463
Ribes speciosum,Ribes,Tracheophyta,Magnoliopsida,464
Lonicera morrowii,Lonicera,Tracheophyta,Magnoliopsida,465
Lonicera tatarica,Lonicera,Tracheophyta,Magnoliopsida,466
Lonicera ciliosa,Lonicera,Tracheophyta,Magnoliopsida,467
Lonicera sempervirens,Lonicera,Tracheophyta,Magnoliopsida,468
Lonicera dioica,Lonicera,Tracheophyta,Magnoliopsida,469
Lonicera canadensis,Lonicera,Tracheophyta,Magnoliopsida,470
Lonicera hispidula,Lonicera,Tracheophyta,Magnoliopsida,471
Lonicera xylosteum,Lonicera,Tracheophyta,Magnoliopsida,472
Lonicera periclymenum,Lonicera,Tracheophyta,Magnoliopsida,473
Lonicera japonica,Lonicera,Tracheophyta,Magnoliopsida,474
Lonicera maackii,Lonicera,Tracheophyta,Magnoliopsida,475
Lonicera involucrata,Lonicera,Tracheophyta,Magnoliopsida,476
Lonicera subspicata,Lonicera,Tracheophyta,Magnoliopsida,477
Viburnum prunifolium,Viburnum,Tracheophyta,Magnoliopsida,478
Viburnum edule,Viburnum,Tracheophyta,Magnoliopsida,479
Viburnum rafinesquianum,Viburnum,Tracheophyta,Magnoliopsida,480
Viburnum lentago,Viburnum,Tracheophyta,Magnoliopsida,481
Viburnum acerifolium,Viburnum,Tracheophyta,Magnoliopsida,482
Viburnum tinus,Viburnum,Tracheophyta,Magnoliopsida,483
Viburnum nudum,Viburnum,Tracheophyta,Magnoliopsida,484
Viburnum lantana,Viburnum,Tracheophyta,Magnoliopsida,485
Viburnum lantanoides,Viburnum,Tracheophyta,Magnoliopsida,486
Viburnum rufidulum,Viburnum,Tracheophyta,Magnoliopsida,487
Viburnum opulus,Viburnum,Tracheophyta,Magnoliopsida,488
Viburnum dentatum,Viburnum,Tracheophyta,Magnoliopsida,489
Oenothera suffrutescens,Oenothera,Tracheophyta,Magnoliopsida,490
Oenothera biennis,Oenothera,Tracheophyta,Magnoliopsida,491
Oenothera speciosa,Oenothera,Tracheophyta,Magnoliopsida,492
Oenothera macrocarpa,Oenothera,Tracheophyta,Magnoliopsida,493
Oenothera rosea,Oenothera,Tracheophyta,Magnoliopsida,494
Oenothera cespitosa,Oenothera,Tracheophyta,Magnoliopsida,495
Oenothera curtiflora,Oenothera,Tracheophyta,Magnoliopsida,496
Oenothera laciniata,Oenothera,Tracheophyta,Magnoliopsida,497
Oenothera drummondii,Oenothera,Tracheophyta,Magnoliopsida,498
Oenothera triloba,Oenothera,Tracheophyta,Magnoliopsida,499
Oenothera elata,Oenothera,Tracheophyta,Magnoliopsida,500
Oenothera suffulta,Oenothera,Tracheophyta,Magnoliopsida,501
Oenothera gaura,Oenothera,Tracheophyta,Magnoliopsida,502
Opuntia ficus-indica,Opuntia,Tracheophyta,Magnoliopsida,503
Opuntia robusta,Opuntia,Tracheophyta,Magnoliopsida,504
Opuntia rufida,Opuntia,Tracheophyta,Magnoliopsida,505
Opuntia cespitosa,Opuntia,Tracheophyta,Magnoliopsida,506
Opuntia basilaris,Opuntia,Tracheophyta,Magnoliopsida,507
Opuntia phaeacantha,Opuntia,Tracheophyta,Magnoliopsida,508
Opuntia polyacantha,Opuntia,Tracheophyta,Magnoliopsida,509
Opuntia littoralis,Opuntia,Tracheophyta,Magnoliopsida,510
Opuntia microdasys,Opuntia,Tracheophyta,Magnoliopsida,511
Opuntia engelmannii,Opuntia,Tracheophyta,Magnoliopsida,512
Opuntia chlorotica,Opuntia,Tracheophyta,Magnoliopsida,513
Opuntia macrocentra,Opuntia,Tracheophyta,Magnoliopsida,514
Opuntia humifusa,Opuntia,Tracheophyta,Magnoliopsida,515
Opuntia fragilis,Opuntia,Tracheophyta,Magnoliopsida,516
Opuntia macrorhiza,Opuntia,Tracheophyta,Magnoliopsida,517
Cylindropuntia imbricata,Cylindropuntia,Tracheophyta,Magnoliopsida,518
Cylindropuntia spinosior,Cylindropuntia,Tracheophyta,Magnoliopsida,519
Cylindropuntia prolifera,Cylindropuntia,Tracheophyta,Magnoliopsida,520
Cylindropuntia ganderi,Cylindropuntia,Tracheophyta,Magnoliopsida,521
Cylindropuntia californica,Cylindropuntia,Tracheophyta,Magnoliopsida,522
Cylindropuntia fulgida,Cylindropuntia,Tracheophyta,Magnoliopsida,523
Cylindropuntia ramosissima,Cylindropuntia,Tracheophyta,Magnoliopsida,524
Cylindropuntia versicolor,Cylindropuntia,Tracheophyta,Magnoliopsida,525
Cylindropuntia leptocaulis,Cylindropuntia,Tracheophyta,Magnoliopsida,526
Cylindropuntia cholla,Cylindropuntia,Tracheophyta,Magnoliopsida,527
Cylindropuntia whipplei,Cylindropuntia,Tracheophyta,Magnoliopsida,528
Cylindropuntia echinocarpa,Cylindropuntia,Tracheophyta,Magnoliopsida,529
Cylindropuntia acanthocarpa,Cylindropuntia,Tracheophyta,Magnoliopsida,530
Cylindropuntia bigelovii,Cylindropuntia,Tracheophyta,Magnoliopsida,531
Silene latifolia,Silene,Tracheophyta,Magnoliopsida,532
Silene laciniata,Silene,Tracheophyta,Magnoliopsida,533
Silene acaulis,Silene,Tracheophyta,Magnoliopsida,534
Silene flos-cuculi,Silene,Tracheophyta,Magnoliopsida,535
Silene virginica,Silene,Tracheophyta,Magnoliopsida,536
Silene dioica,Silene,Tracheophyta,Magnoliopsida,537
Silene coronaria,Silene,Tracheophyta,Magnoliopsida,538
Silene regia,Silene,Tracheophyta,Magnoliopsida,539
Silene uniflora,Silene,Tracheophyta,Magnoliopsida,540
Silene gallica,Silene,Tracheophyta,Magnoliopsida,541
Silene vulgaris,Silene,Tracheophyta,Magnoliopsida,542
Silene stellata,Silene,Tracheophyta,Magnoliopsida,543
Persicaria lapathifolia,Persicaria,Tracheophyta,Magnoliopsida,544
Persicaria longiseta,Persicaria,Tracheophyta,Magnoliopsida,545
Persicaria perfoliata,Persicaria,Tracheophyta,Magnoliopsida,546
Persicaria maculosa,Persicaria,Tracheophyta,Magnoliopsida,547
Persicaria capitata,Persicaria,Tracheophyta,Magnoliopsida,548
Persicaria amphibia,Persicaria,Tracheophyta,Magnoliopsida,549
Persicaria hydropiperoides,Persicaria,Tracheophyta,Magnoliopsida,550
Persicaria pensylvanica,Persicaria,Tracheophyta,Magnoliopsida,551
Persicaria punctata,Persicaria,Tracheophyta,Magnoliopsida,552
Persicaria chinensis,Persicaria,Tracheophyta,Magnoliopsida,553
Persicaria sagittata,Persicaria,Tracheophyta,Magnoliopsida,554
Persicaria virginiana,Persicaria,Tracheophyta,Magnoliopsida,555
Asclepias fascicularis,Asclepias,Tracheophyta,Magnoliopsida,556
Asclepias exaltata,Asclepias,Tracheophyta,Magnoliopsida,557
Asclepias incarnata,Asclepias,Tracheophyta,Magnoliopsida,558
Asclepias purpurascens,Asclepias,Tracheophyta,Magnoliopsida,559
Asclepias eriocarpa,Asclepias,Tracheophyta,Magnoliopsida,560
Asclepias variegata,Asclepias,Tracheophyta,Magnoliopsida,561
Asclepias hirtella,Asclepias,Tracheophyta,Magnoliopsida,562
Asclepias lanceolata,Asclepias,Tracheophyta,Magnoliopsida,563
Asclepias cordifolia,Asclepias,Tracheophyta,Magnoliopsida,564
Asclepias quadrifolia,Asclepias,Tracheophyta,Magnoliopsida,565
Asclepias perennis,Asclepias,Tracheophyta,Magnoliopsida,566
Asclepias subulata,Asclepias,Tracheophyta,Magnoliopsida,567
Asclepias speciosa,Asclepias,Tracheophyta,Magnoliopsida,568
Asclepias latifolia,Asclepias,Tracheophyta,Magnoliopsida,569
Asclepias tuberosa,Asclepias,Tracheophyta,Magnoliopsida,570
Asclepias amplexicaulis,Asclepias,Tracheophyta,Magnoliopsida,571
Asclepias syriaca,Asclepias,Tracheophyta,Magnoliopsida,572
Asclepias asperula,Asclepias,Tracheophyta,Magnoliopsida,573
Asclepias verticillata,Asclepias,Tracheophyta,Magnoliopsida,574
Asclepias oenotheroides,Asclepias,Tracheophyta,Magnoliopsida,575
Asclepias curassavica,Asclepias,Tracheophyta,Magnoliopsida,576
Asclepias viridiflora,Asclepias,Tracheophyta,Magnoliopsida,577
Asclepias viridis,Asclepias,Tracheophyta,Magnoliopsida,578
Asclepias linaria,Asclepias,Tracheophyta,Magnoliopsida,579
Asclepias subverticillata,Asclepias,Tracheophyta,Magnoliopsida,580
Oxalis drummondii,Oxalis,Tracheophyta,Magnoliopsida,581
Oxalis montana,Oxalis,Tracheophyta,Magnoliopsida,582
Oxalis obtusa,Oxalis,Tracheophyta,Magnoliopsida,583
Oxalis articulata,Oxalis,Tracheophyta,Magnoliopsida,584
Oxalis purpurea,Oxalis,Tracheophyta,Magnoliopsida,585
Oxalis dillenii,Oxalis,Tracheophyta,Magnoliopsida,586
Oxalis violacea,Oxalis,Tracheophyta,Magnoliopsida,587
Oxalis incarnata,Oxalis,Tracheophyta,Magnoliopsida,588
Oxalis acetosella,Oxalis,Tracheophyta,Magnoliopsida,589
Oxalis debilis,Oxalis,Tracheophyta,Magnoliopsida,590
Oxalis oregana,Oxalis,Tracheophyta,Magnoliopsida,591
Oxalis corniculata,Oxalis,Tracheophyta,Magnoliopsida,592
Oxalis pes-caprae,Oxalis,Tracheophyta,Magnoliopsida,593
Oxalis stricta,Oxalis,Tracheophyta,Magnoliopsida,594
Oxalis latifolia,Oxalis,Tracheophyta,Magnoliopsida,595
Euphorbia dentata,Euphorbia,Tracheophyta,Magnoliopsida,596
Euphorbia cyathophora,Euphorbia,Tracheophyta,Magnoliopsida,597
Euphorbia heterophylla,Euphorbia,Tracheophyta,Magnoliopsida,598
Euphorbia corollata,Euphorbia,Tracheophyta,Magnoliopsida,599
Euphorbia antisyphilitica,Euphorbia,Tracheophyta,Magnoliopsida,600
Euphorbia bicolor,Euphorbia,Tracheophyta,Magnoliopsida,601
Euphorbia marginata,Euphorbia,Tracheophyta,Magnoliopsida,602
Euphorbia polycarpa,Euphorbia,Tracheophyta,Magnoliopsida,603
Euphorbia hirta,Euphorbia,Tracheophyta,Magnoliopsida,604
Euphorbia hyssopifolia,Euphorbia,Tracheophyta,Magnoliopsida,605
Euphorbia albomarginata,Euphorbia,Tracheophyta,Magnoliopsida,606
Euphorbia hypericifolia,Euphorbia,Tracheophyta,Magnoliopsida,607
Euphorbia prostrata,Euphorbia,Tracheophyta,Magnoliopsida,608
Euphorbia nutans,Euphorbia,Tracheophyta,Magnoliopsida,609
Euphorbia serpens,Euphorbia,Tracheophyta,Magnoliopsida,610
Euphorbia maculata,Euphorbia,Tracheophyta,Magnoliopsida,611
Euphorbia myrsinites,Euphorbia,Tracheophyta,Magnoliopsida,612
Euphorbia helioscopia,Euphorbia,Tracheophyta,Magnoliopsida,613
Euphorbia characias,Euphorbia,Tracheophyta,Magnoliopsida,614
Euphorbia lathyris,Euphorbia,Tracheophyta,Magnoliopsida,615
Euphorbia oblongata,Euphorbia,Tracheophyta,Magnoliopsida,616
Euphorbia peplus,Euphorbia,Tracheophyta,Magnoliopsida,617
Euphorbia cyparissias,Euphorbia,Tracheophyta,Magnoliopsida,618
Euphorbia virgata,Euphorbia,Tracheophyta,Magnoliopsida,619
Euphorbia paralias,Euphorbia,Tracheophyta,Magnoliopsida,620
Viola pedata,Viola,Tracheophyta,Magnoliopsida,621
Viola purpurea,Viola,Tracheophyta,Magnoliopsida,622
Viola sororia,Viola,Tracheophyta,Magnoliopsida,623
Viola pubescens,Viola,Tracheophyta,Magnoliopsida,624
Viola nuttallii,Viola,Tracheophyta,Magnoliopsida,625
Viola striata,Viola,Tracheophyta,Magnoliopsida,626
Viola canadensis,Viola,Tracheophyta,Magnoliopsida,627
Viola rostrata,Viola,Tracheophyta,Magnoliopsida,628
Viola adunca,Viola,Tracheophyta,Magnoliopsida,629
Viola tricolor,Viola,Tracheophyta,Magnoliopsida,630
Viola bicolor,Viola,Tracheophyta,Magnoliopsida,631
Viola labradorica,Viola,Tracheophyta,Magnoliopsida,632
Viola primulifolia,Viola,Tracheophyta,Magnoliopsida,633
Viola hastata,Viola,Tracheophyta,Magnoliopsida,634
Viola ocellata,Viola,Tracheophyta,Magnoliopsida,635
Viola sagittata,Viola,Tracheophyta,Magnoliopsida,636
Viola odorata,Viola,Tracheophyta,Magnoliopsida,637
Viola sempervirens,Viola,Tracheophyta,Magnoliopsida,638
Viola pedunculata,Viola,Tracheophyta,Magnoliopsida,639
Viola arvensis,Viola,Tracheophyta,Magnoliopsida,640
Viola lanceolata,Viola,Tracheophyta,Magnoliopsida,641
Viola rotundifolia,Viola,Tracheophyta,Magnoliopsida,642
Viola glabella,Viola,Tracheophyta,Magnoliopsida,643
Geranium caespitosum,Geranium,Tracheophyta,Magnoliopsida,644
Geranium carolinianum,Geranium,Tracheophyta,Magnoliopsida,645
Geranium richardsonii,Geranium,Tracheophyta,Magnoliopsida,646
Geranium molle,Geranium,Tracheophyta,Magnoliopsida,647
Geranium maculatum,Geranium,Tracheophyta,Magnoliopsida,648
Geranium lucidum,Geranium,Tracheophyta,Magnoliopsida,649
Geranium robertianum,Geranium,Tracheophyta,Magnoliopsida,650
Geranium sylvaticum,Geranium,Tracheophyta,Magnoliopsida,651
Geranium dissectum,Geranium,Tracheophyta,Magnoliopsida,652
Geranium viscosissimum,Geranium,Tracheophyta,Magnoliopsida,653
Geranium pratense,Geranium,Tracheophyta,Magnoliopsida,654
Geranium sanguineum,Geranium,Tracheophyta,Magnoliopsida,655
Quercus robur,Quercus,Tracheophyta,Magnoliopsida,656
Quercus kelloggii,Quercus,Tracheophyta,Magnoliopsida,657
Quercus alba,Quercus,Tracheophyta,Magnoliopsida,658
Quercus stellata,Quercus,Tracheophyta,Magnoliopsida,659
Quercus garryana,Quercus,Tracheophyta,Magnoliopsida,660
Quercus ilex,Quercus,Tracheophyta,Magnoliopsida,661
Quercus pagoda,Quercus,Tracheophyta,Magnoliopsida,662
Quercus ilicifolia,Quercus,Tracheophyta,Magnoliopsida,663
Quercus agrifolia,Quercus,Tracheophyta,Magnoliopsida,664
Quercus berberidifolia,Quercus,Tracheophyta,Magnoliopsida,665
Quercus nigra,Quercus,Tracheophyta,Magnoliopsida,666
Quercus coccinea,Quercus,Tracheophyta,Magnoliopsida,667
Quercus velutina,Quercus,Tracheophyta,Magnoliopsida,668
Quercus rubra,Quercus,Tracheophyta,Magnoliopsida,669
Quercus douglasii,Quercus,Tracheophyta,Magnoliopsida,670
Quercus fusiformis,Quercus,Tracheophyta,Magnoliopsida,671
Quercus buckleyi,Quercus,Tracheophyta,Magnoliopsida,672
Quercus phellos,Quercus,Tracheophyta,Magnoliopsida,673
Quercus durata,Quercus,Tracheophyta,Magnoliopsida,674
Quercus michauxii,Quercus,Tracheophyta,Magnoliopsida,675
Quercus wislizeni,Quercus,Tracheophyta,Magnoliopsida,676
Quercus imbricaria,Quercus,Tracheophyta,Magnoliopsida,677
Quercus montana,Quercus,Tracheophyta,Magnoliopsida,678
Quercus chrysolepis,Quercus,Tracheophyta,Magnoliopsida,679
Quercus marilandica,Quercus,Tracheophyta,Magnoliopsida,680
Quercus laevis,Quercus,Tracheophyta,Magnoliopsida,681
Quercus gambelii,Quercus,Tracheophyta,Magnoliopsida,682
Quercus muehlenbergii,Quercus,Tracheophyta,Magnoliopsida,683
Quercus macrocarpa,Quercus,Tracheophyta,Magnoliopsida,684
Quercus bicolor,Quercus,Tracheophyta,Magnoliopsida,685
Quercus shumardii,Quercus,Tracheophyta,Magnoliopsida,686
Quercus palustris,Quercus,Tracheophyta,Magnoliopsida,687
Quercus suber,Quercus,Tracheophyta,Magnoliopsida,688
Quercus geminata,Quercus,Tracheophyta,Magnoliopsida,689
Quercus falcata,Quercus,Tracheophyta,Magnoliopsida,690
Quercus lobata,Quercus,Tracheophyta,Magnoliopsida,691
Quercus turbinella,Quercus,Tracheophyta,Magnoliopsida,692
Quercus virginiana,Quercus,Tracheophyta,Magnoliopsida,693
Clematis drummondii,Clematis,Tracheophyta,Magnoliopsida,694
Clematis lasiantha,Clematis,Tracheophyta,Magnoliopsida,695
Clematis vitalba,Clematis,Tracheophyta,Magnoliopsida,696
Clematis crispa,Clematis,Tracheophyta,Magnoliopsida,697
Clematis texensis,Clematis,Tracheophyta,Magnoliopsida,698
Clematis pitcheri,Clematis,Tracheophyta,Magnoliopsida,699
Clematis terniflora,Clematis,Tracheophyta,Magnoliopsida,700
Clematis virginiana,Clematis,Tracheophyta,Magnoliopsida,701
Clematis paniculata,Clematis,Tracheophyta,Magnoliopsida,702
Clematis ligusticifolia,Clematis,Tracheophyta,Magnoliopsida,703
Clematis occidentalis,Clematis,Tracheophyta,Magnoliopsida,704
Anemone hepatica,Anemone,Tracheophyta,Magnoliopsida,705
Anemone acutiloba,Anemone,Tracheophyta,Magnoliopsida,706
Anemone quinquefolia,Anemone,Tracheophyta,Magnoliopsida,707
Anemone canadensis,Anemone,Tracheophyta,Magnoliopsida,708
Anemone ranunculoides,Anemone,Tracheophyta,Magnoliopsida,709
Anemone occidentalis,Anemone,Tracheophyta,Magnoliopsida,710
Anemone multifida,Anemone,Tracheophyta,Magnoliopsida,711
Anemone patens,Anemone,Tracheophyta,Magnoliopsida,712
Anemone cylindrica,Anemone,Tracheophyta,Magnoliopsida,713
Anemone berlandieri,Anemone,Tracheophyta,Magnoliopsida,714
Anemone nemorosa,Anemone,Tracheophyta,Magnoliopsida,715
Anemone virginiana,Anemone,Tracheophyta,Magnoliopsida,716
Ranunculus fascicularis,Ranunculus,Tracheophyta,Magnoliopsida,717
Ranunculus repens,Ranunculus,Tracheophyta,Magnoliopsida,718
Ranunculus bulbosus,Ranunculus,Tracheophyta,Magnoliopsida,719
Ranunculus glaberrimus,Ranunculus,Tracheophyta,Magnoliopsida,720
Ranunculus acris,Ranunculus,Tracheophyta,Magnoliopsida,721
Ranunculus californicus,Ranunculus,Tracheophyta,Magnoliopsida,722
Ranunculus abortivus,Ranunculus,Tracheophyta,Magnoliopsida,723
Ranunculus recurvatus,Ranunculus,Tracheophyta,Magnoliopsida,724
Ranunculus muricatus,Ranunculus,Tracheophyta,Magnoliopsida,725
Ranunculus sceleratus,Ranunculus,Tracheophyta,Magnoliopsida,726
Ranunculus aquatilis,Ranunculus,Tracheophyta,Magnoliopsida,727
Ranunculus hispidus,Ranunculus,Tracheophyta,Magnoliopsida,728
Ranunculus flammula,Ranunculus,Tracheophyta,Magnoliopsida,729
Ranunculus occidentalis,Ranunculus,Tracheophyta,Magnoliopsida,730
Castilleja applegatei,Castilleja,Tracheophyta,Magnoliopsida,731
Castilleja linariifolia,Castilleja,Tracheophyta,Magnoliopsida,732
Castilleja chromosa,Castilleja,Tracheophyta,Magnoliopsida,733
Castilleja tenuiflora,Castilleja,Tracheophyta,Magnoliopsida,734
Castilleja foliolosa,Castilleja,Tracheophyta,Magnoliopsida,735
Castilleja miniata,Castilleja,Tracheophyta,Magnoliopsida,736
Castilleja attenuata,Castilleja,Tracheophyta,Magnoliopsida,737
Castilleja exserta,Castilleja,Tracheophyta,Magnoliopsida,738
Castilleja coccinea,Castilleja,Tracheophyta,Magnoliopsida,739
Castilleja affinis,Castilleja,Tracheophyta,Magnoliopsida,740
Castilleja indivisa,Castilleja,Tracheophyta,Magnoliopsida,741
Castilleja densiflora,Castilleja,Tracheophyta,Magnoliopsida,742
Castilleja arvensis,Castilleja,Tracheophyta,Magnoliopsida,743
Castilleja integra,Castilleja,Tracheophyta,Magnoliopsida,744
Castilleja rubicundula,Castilleja,Tracheophyta,Magnoliopsida,745
Castilleja purpurea,Castilleja,Tracheophyta,Magnoliopsida,746
Castilleja wightii,Castilleja,Tracheophyta,Magnoliopsida,747
Salvia ballotiflora,Salvia,Tracheophyta,Magnoliopsida,748
Salvia coccinea,Salvia,Tracheophyta,Magnoliopsida,749
Salvia dorrii,Salvia,Tracheophyta,Magnoliopsida,750
Salvia mexicana,Salvia,Tracheophyta,Magnoliopsida,751
Salvia farinacea,Salvia,Tracheophyta,Magnoliopsida,752
Salvia azurea,Salvia,Tracheophyta,Magnoliopsida,753
Salvia apiana,Salvia,Tracheophyta,Magnoliopsida,754
Salvia roemeriana,Salvia,Tracheophyta,Magnoliopsida,755
Salvia greggii,Salvia,Tracheophyta,Magnoliopsida,756
Salvia microphylla,Salvia,Tracheophyta,Magnoliopsida,757
Salvia texana,Salvia,Tracheophyta,Magnoliopsida,758
Salvia columbariae,Salvia,Tracheophyta,Magnoliopsida,759
Salvia leucophylla,Salvia,Tracheophyta,Magnoliopsida,760
Salvia mellifera,Salvia,Tracheophyta,Magnoliopsida,761
Salvia leucantha,Salvia,Tracheophyta,Magnoliopsida,762
Salvia spathacea,Salvia,Tracheophyta,Magnoliopsida,763
Salvia pratensis,Salvia,Tracheophyta,Magnoliopsida,764
Salvia lyrata,Salvia,Tracheophyta,Magnoliopsida,765
Verbena rigida,Verbena,Tracheophyta,Magnoliopsida,766
Verbena stricta,Verbena,Tracheophyta,Magnoliopsida,767
Verbena hastata,Verbena,Tracheophyta,Magnoliopsida,768
Verbena officinalis,Verbena,Tracheophyta,Magnoliopsida,769
Verbena brasiliensis,Verbena,Tracheophyta,Magnoliopsida,770
Verbena bracteata,Verbena,Tracheophyta,Magnoliopsida,771
Verbena bonariensis,Verbena,Tracheophyta,Magnoliopsida,772
Verbena halei,Verbena,Tracheophyta,Magnoliopsida,773
Verbena urticifolia,Verbena,Tracheophyta,Magnoliopsida,774
Verbena lasiostachys,Verbena,Tracheophyta,Magnoliopsida,775
Veronica hederifolia,Veronica,Tracheophyta,Magnoliopsida,776
Veronica stricta,Veronica,Tracheophyta,Magnoliopsida,777
Veronica polita,Veronica,Tracheophyta,Magnoliopsida,778
Veronica persica,Veronica,Tracheophyta,Magnoliopsida,779
Veronica filiformis,Veronica,Tracheophyta,Magnoliopsida,780
Veronica officinalis,Veronica,Tracheophyta,Magnoliopsida,781
Veronica chamaedrys,Veronica,Tracheophyta,Magnoliopsida,782
Veronica arvensis,Veronica,Tracheophyta,Magnoliopsida,783
Veronica regina-nivalis,Veronica,Tracheophyta,Magnoliopsida,784
Veronica peregrina,Veronica,Tracheophyta,Magnoliopsida,785
Veronica anagallis-aquatica,Veronica,Tracheophyta,Magnoliopsida,786
Veronica americana,Veronica,Tracheophyta,Magnoliopsida,787
Veronica serpyllifolia,Veronica,Tracheophyta,Magnoliopsida,788
Penstemon centranthifolius,Penstemon,Tracheophyta,Magnoliopsida,789
Penstemon barbatus,Penstemon,Tracheophyta,Magnoliopsida,790
Penstemon spectabilis,Penstemon,Tracheophyta,Magnoliopsida,791
Penstemon cobaea,Penstemon,Tracheophyta,Magnoliopsida,792
Penstemon heterophyllus,Penstemon,Tracheophyta,Magnoliopsida,793
Penstemon hirsutus,Penstemon,Tracheophyta,Magnoliopsida,794
Penstemon newberryi,Penstemon,Tracheophyta,Magnoliopsida,795
Penstemon palmeri,Penstemon,Tracheophyta,Magnoliopsida,796
Penstemon digitalis,Penstemon,Tracheophyta,Magnoliopsida,797
Penstemon eatonii,Penstemon,Tracheophyta,Magnoliopsida,798
Solanum pseudocapsicum,Solanum,Tracheophyta,Magnoliopsida,799
Solanum rostratum,Solanum,Tracheophyta,Magnoliopsida,800
Solanum chenopodioides,Solanum,Tracheophyta,Magnoliopsida,801
Solanum laciniatum,Solanum,Tracheophyta,Magnoliopsida,802
Solanum erianthum,Solanum,Tracheophyta,Magnoliopsida,803
Solanum umbelliferum,Solanum,Tracheophyta,Magnoliopsida,804
Solanum xanti,Solanum,Tracheophyta,Magnoliopsida,805
Solanum nigrum,Solanum,Tracheophyta,Magnoliopsida,806
Solanum triquetrum,Solanum,Tracheophyta,Magnoliopsida,807
Solanum douglasii,Solanum,Tracheophyta,Magnoliopsida,808
Solanum americanum,Solanum,Tracheophyta,Magnoliopsida,809
Solanum ptychanthum,Solanum,Tracheophyta,Magnoliopsida,810
Solanum carolinense,Solanum,Tracheophyta,Magnoliopsida,811
Solanum mauritianum,Solanum,Tracheophyta,Magnoliopsida,812
Solanum diphyllum,Solanum,Tracheophyta,Magnoliopsida,813
Solanum elaeagnifolium,Solanum,Tracheophyta,Magnoliopsida,814
Solanum dimidiatum,Solanum,Tracheophyta,Magnoliopsida,815
Solanum lycopersicum,Solanum,Tracheophyta,Magnoliopsida,816
Solanum dulcamara,Solanum,Tracheophyta,Magnoliopsida,817
Ipomoea cairica,Ipomoea,Tracheophyta,Magnoliopsida,818
Ipomoea batatas,Ipomoea,Tracheophyta,Magnoliopsida,819
Ipomoea triloba,Ipomoea,Tracheophyta,Magnoliopsida,820
Ipomoea pes-caprae,Ipomoea,Tracheophyta,Magnoliopsida,821
Ipomoea imperati,Ipomoea,Tracheophyta,Magnoliopsida,822
Ipomoea hederacea,Ipomoea,Tracheophyta,Magnoliopsida,823
Ipomoea indica,Ipomoea,Tracheophyta,Magnoliopsida,824
Ipomoea sagittata,Ipomoea,Tracheophyta,Magnoliopsida,825
Ipomoea cordatotriloba,Ipomoea,Tracheophyta,Magnoliopsida,826
Ipomoea lacunosa,Ipomoea,Tracheophyta,Magnoliopsida,827
Ipomoea alba,Ipomoea,Tracheophyta,Magnoliopsida,828
Ipomoea hederifolia,Ipomoea,Tracheophyta,Magnoliopsida,829
Ipomoea pandurata,Ipomoea,Tracheophyta,Magnoliopsida,830
Ipomoea purpurea,Ipomoea,Tracheophyta,Magnoliopsida,831
Ipomoea quamoclit,Ipomoea,Tracheophyta,Magnoliopsida,832
Ipomoea obscura,Ipomoea,Tracheophyta,Magnoliopsida,833
Rosa rugosa,Rosa,Tracheophyta,Magnoliopsida,834
Rosa carolina,Rosa,Tracheophyta,Magnoliopsida,835
Rosa multiflora,Rosa,Tracheophyta,Magnoliopsida,836
Rosa nutkana,Rosa,Tracheophyta,Magnoliopsida,837
Rosa woodsii,Rosa,Tracheophyta,Magnoliopsida,838
Rosa palustris,Rosa,Tracheophyta,Magnoliopsida,839
Rosa gymnocarpa,Rosa,Tracheophyta,Magnoliopsida,840
Rosa bracteata,Rosa,Tracheophyta,Magnoliopsida,841
Rosa arkansana,Rosa,Tracheophyta,Magnoliopsida,842
Rosa canina,Rosa,Tracheophyta,Magnoliopsida,843
Rosa acicularis,Rosa,Tracheophyta,Magnoliopsida,844
Rosa californica,Rosa,Tracheophyta,Magnoliopsida,845
Rubus parviflorus,Rubus,Tracheophyta,Magnoliopsida,846
Rubus allegheniensis,Rubus,Tracheophyta,Magnoliopsida,847
Rubus arcticus,Rubus,Tracheophyta,Magnoliopsida,848
Rubus fruticosus,Rubus,Tracheophyta,Magnoliopsida,849
Rubus caesius,Rubus,Tracheophyta,Magnoliopsida,850
Rubus spectabilis,Rubus,Tracheophyta,Magnoliopsida,851
Rubus leucodermis,Rubus,Tracheophyta,Magnoliopsida,852
Rubus odoratus,Rubus,Tracheophyta,Magnoliopsida,853
Rubus armeniacus,Rubus,Tracheophyta,Magnoliopsida,854
Rubus pubescens,Rubus,Tracheophyta,Magnoliopsida,855
Rubus ursinus,Rubus,Tracheophyta,Magnoliopsida,856
Rubus cissoides,Rubus,Tracheophyta,Magnoliopsida,857
Rubus chamaemorus,Rubus,Tracheophyta,Magnoliopsida,858
Rubus laciniatus,Rubus,Tracheophyta,Magnoliopsida,859
Rubus idaeus,Rubus,Tracheophyta,Magnoliopsida,860
Rubus phoenicolasius,Rubus,Tracheophyta,Magnoliopsida,861
Rubus trivialis,Rubus,Tracheophyta,Magnoliopsida,862
Rubus flagellaris,Rubus,Tracheophyta,Magnoliopsida,863
Rubus occidentalis,Rubus,Tracheophyta,Magnoliopsida,864
Rubus pedatus,Rubus,Tracheophyta,Magnoliopsida,865
Prunus avium,Prunus,Tracheophyta,Magnoliopsida,866
Prunus padus,Prunus,Tracheophyta,Magnoliopsida,867
Prunus americana,Prunus,Tracheophyta,Magnoliopsida,868
Prunus caroliniana,Prunus,Tracheophyta,Magnoliopsida,869
Prunus spinosa,Prunus,Tracheophyta,Magnoliopsida,870
Prunus cerasifera,Prunus,Tracheophyta,Magnoliopsida,871
Prunus persica,Prunus,Tracheophyta,Magnoliopsida,872
Prunus emarginata,Prunus,Tracheophyta,Magnoliopsida,873
Prunus laurocerasus,Prunus,Tracheophyta,Magnoliopsida,874
Prunus virginiana,Prunus,Tracheophyta,Magnoliopsida,875
Prunus serotina,Prunus,Tracheophyta,Magnoliopsida,876
Prunus pensylvanica,Prunus,Tracheophyta,Magnoliopsida,877
Prunus ilicifolia,Prunus,Tracheophyta,Magnoliopsida,878
Prunus mexicana,Prunus,Tracheophyta,Magnoliopsida,879
Prunus pumila,Prunus,Tracheophyta,Magnoliopsida,880
Potentilla argentea,Potentilla,Tracheophyta,Magnoliopsida,881
Potentilla reptans,Potentilla,Tracheophyta,Magnoliopsida,882
Potentilla simplex,Potentilla,Tracheophyta,Magnoliopsida,883
Potentilla gracilis,Potentilla,Tracheophyta,Magnoliopsida,884
Potentilla recta,Potentilla,Tracheophyta,Magnoliopsida,885
Potentilla norvegica,Potentilla,Tracheophyta,Magnoliopsida,886
Potentilla anserina,Potentilla,Tracheophyta,Magnoliopsida,887
Potentilla erecta,Potentilla,Tracheophyta,Magnoliopsida,888
Potentilla indica,Potentilla,Tracheophyta,Magnoliopsida,889
Potentilla canadensis,Potentilla,Tracheophyta,Magnoliopsida,890
Cardamine californica,Cardamine,Tracheophyta,Magnoliopsida,891
Cardamine diphylla,Cardamine,Tracheophyta,Magnoliopsida,892
Cardamine nuttallii,Cardamine,Tracheophyta,Magnoliopsida,893
Cardamine concatenata,Cardamine,Tracheophyta,Magnoliopsida,894
Cardamine pratensis,Cardamine,Tracheophyta,Magnoliopsida,895
Cardamine impatiens,Cardamine,Tracheophyta,Magnoliopsida,896
Cardamine bulbosa,Cardamine,Tracheophyta,Magnoliopsida,897
Cardamine hirsuta,Cardamine,Tracheophyta,Magnoliopsida,898
Cardamine flexuosa,Cardamine,Tracheophyta,Magnoliopsida,899
Cardamine douglassii,Cardamine,Tracheophyta,Magnoliopsida,900
Trillium recurvatum,Trillium,Tracheophyta,Liliopsida,901
Trillium luteum,Trillium,Tracheophyta,Liliopsida,902
Trillium ovatum,Trillium,Tracheophyta,Liliopsida,903
Trillium flexipes,Trillium,Tracheophyta,Liliopsida,904
Trillium erectum,Trillium,Tracheophyta,Liliopsida,905
Trillium albidum,Trillium,Tracheophyta,Liliopsida,906
Trillium cuneatum,Trillium,Tracheophyta,Liliopsida,907
Trillium undulatum,Trillium,Tracheophyta,Liliopsida,908
Trillium chloropetalum,Trillium,Tracheophyta,Liliopsida,909
Trillium cernuum,Trillium,Tracheophyta,Liliopsida,910
Trillium catesbaei,Trillium,Tracheophyta,Liliopsida,911
Trillium grandiflorum,Trillium,Tracheophyta,Liliopsida,912
Trillium sessile,Trillium,Tracheophyta,Liliopsida,913
Calochortus catalinae,Calochortus,Tracheophyta,Liliopsida,914
Calochortus leichtlinii,Calochortus,Tracheophyta,Liliopsida,915
Calochortus weedii,Calochortus,Tracheophyta,Liliopsida,916
Calochortus pulchellus,Calochortus,Tracheophyta,Liliopsida,917
Calochortus venustus,Calochortus,Tracheophyta,Liliopsida,918
Calochortus amabilis,Calochortus,Tracheophyta,Liliopsida,919
Calochortus gunnisonii,Calochortus,Tracheophyta,Liliopsida,920
Calochortus splendens,Calochortus,Tracheophyta,Liliopsida,921
Calochortus albus,Calochortus,Tracheophyta,Liliopsida,922
Calochortus umbellatus,Calochortus,Tracheophyta,Liliopsida,923
Calochortus nuttallii,Calochortus,Tracheophyta,Liliopsida,924
Calochortus tolmiei,Calochortus,Tracheophyta,Liliopsida,925
Calochortus luteus,Calochortus,Tracheophyta,Liliopsida,926
Calochortus uniflorus,Calochortus,Tracheophyta,Liliopsida,927
Smilax laurifolia,Smilax,Tracheophyta,Liliopsida,928
Smilax auriculata,Smilax,Tracheophyta,Liliopsida,929
Smilax glauca,Smilax,Tracheophyta,Liliopsida,930
Smilax aspera,Smilax,Tracheophyta,Liliopsida,931
Smilax tamnoides,Smilax,Tracheophyta,Liliopsida,932
Smilax rotundifolia,Smilax,Tracheophyta,Liliopsida,933
Smilax lasioneura,Smilax,Tracheophyta,Liliopsida,934
Smilax smallii,Smilax,Tracheophyta,Liliopsida,935
Smilax herbacea,Smilax,Tracheophyta,Liliopsida,936
Smilax bona-nox,Smilax,Tracheophyta,Liliopsida,937
Carex grayi,Carex,Tracheophyta,Liliopsida,938
Carex lupulina,Carex,Tracheophyta,Liliopsida,939
Carex intumescens,Carex,Tracheophyta,Liliopsida,940
Carex flava,Carex,Tracheophyta,Liliopsida,941
Carex vulpinoidea,Carex,Tracheophyta,Liliopsida,942
Carex pensylvanica,Carex,Tracheophyta,Liliopsida,943
Carex hystericina,Carex,Tracheophyta,Liliopsida,944
Carex obnupta,Carex,Tracheophyta,Liliopsida,945
Carex crinita,Carex,Tracheophyta,Liliopsida,946
Carex plantaginea,Carex,Tracheophyta,Liliopsida,947
Carex pendula,Carex,Tracheophyta,Liliopsida,948
Carex aurea,Carex,Tracheophyta,Liliopsida,949
Carex gracillima,Carex,Tracheophyta,Liliopsida,950
Carex cherokeensis,Carex,Tracheophyta,Liliopsida,951
Carex sprengelii,Carex,Tracheophyta,Liliopsida,952
Iris cristata,Iris,Tracheophyta,Liliopsida,953
Iris douglasiana,Iris,Tracheophyta,Liliopsida,954
Iris missouriensis,Iris,Tracheophyta,Liliopsida,955
Iris pseudacorus,Iris,Tracheophyta,Liliopsida,956
Iris macrosiphon,Iris,Tracheophyta,Liliopsida,957
Iris tenax,Iris,Tracheophyta,Liliopsida,958
Iris virginica,Iris,Tracheophyta,Liliopsida,959
Iris germanica,Iris,Tracheophyta,Liliopsida,960
Iris foetidissima,Iris,Tracheophyta,Liliopsida,961
Iris versicolor,Iris,Tracheophyta,Liliopsida,962
Yucca filamentosa,Yucca,Tracheophyta,Liliopsida,963
Yucca arkansana,Yucca,Tracheophyta,Liliopsida,964
Yucca elata,Yucca,Tracheophyta,Liliopsida,965
Yucca pallida,Yucca,Tracheophyta,Liliopsida,966
Yucca treculeana,Yucca,Tracheophyta,Liliopsida,967
Yucca brevifolia,Yucca,Tracheophyta,Liliopsida,968
Yucca glauca,Yucca,Tracheophyta,Liliopsida,969
Yucca schidigera,Yucca,Tracheophyta,Liliopsida,970
Yucca baccata,Yucca,Tracheophyta,Liliopsida,971
Yucca rupicola,Yucca,Tracheophyta,Liliopsida,972
Pinus flexilis,Pinus,Tracheophyta,Pinopsida,973
Pinus lambertiana,Pinus,Tracheophyta,Pinopsida,974
Pinus monticola,Pinus,Tracheophyta,Pinopsida,975
Pinus strobus,Pinus,Tracheophyta,Pinopsida,976
Pinus edulis,Pinus,Tracheophyta,Pinopsida,977
Pinus monophylla,Pinus,Tracheophyta,Pinopsida,978
Pinus longaeva,Pinus,Tracheophyta,Pinopsida,979
Pinus jeffreyi,Pinus,Tracheophyta,Pinopsida,980
Pinus ponderosa,Pinus,Tracheophyta,Pinopsida,981
Pinus taeda,Pinus,Tracheophyta,Pinopsida,982
Pinus torreyana,Pinus,Tracheophyta,Pinopsida,983
Pinus coulteri,Pinus,Tracheophyta,Pinopsida,984
Pinus virginiana,Pinus,Tracheophyta,Pinopsida,985
Pinus rigida,Pinus,Tracheophyta,Pinopsida,986
Pinus sabiniana,Pinus,Tracheophyta,Pinopsida,987
Pinus palustris,Pinus,Tracheophyta,Pinopsida,988
Pinus radiata,Pinus,Tracheophyta,Pinopsida,989
Pinus elliottii,Pinus,Tracheophyta,Pinopsida,990
Pinus contorta,Pinus,Tracheophyta,Pinopsida,991
Pinus banksiana,Pinus,Tracheophyta,Pinopsida,992
Pinus echinata,Pinus,Tracheophyta,Pinopsida,993
Pinus resinosa,Pinus,Tracheophyta,Pinopsida,994
Pinus sylvestris,Pinus,Tracheophyta,Pinopsida,995
Asplenium platyneuron,Asplenium,Tracheophyta,Polypodiopsida,996
Asplenium polyodon,Asplenium,Tracheophyta,Polypodiopsida,997
Asplenium trichomanes,Asplenium,Tracheophyta,Polypodiopsida,998
Asplenium flabellifolium,Asplenium,Tracheophyta,Polypodiopsida,999
